"No,";Time;Source;Destination;Protocol;Length;Info;;;;;;time 1;time 2;;delay;;delay 1;delay 2;Jitter
1;0;"103,107,186,26";"172,31,18,98";TCP;54;51056  >  3389 [ACK] Seq=1 Ack=1 Win=13660 Len=0;;;;;;0;0;;0;;"-0,04595";"0,04595";"0,0919"
2;0;"103,107,186,26";"172,31,18,98";TCP;54;51056  >  3389 [ACK] Seq=1 Ack=52 Win=13660 Len=0;;;;;;0;"0,04595";;"0,04595";;"0,03117";"0,01478";"-0,01639"
3;"0,04595";"103,107,186,26";"172,31,18,98";TCP;54;51056  >  3389 [ACK] Seq=1 Ack=311 Win=13660 Len=0;;;;;;"0,04595";"0,06073";;"0,01478";;"0,014737";"4,3E-05";"-0,014694"
4;"0,06073";"172,31,18,98";"103,107,186,26";"TLSv1,2";107;Application Data;;;;;;"0,06073";"0,060773";;"4,3E-05";;"2,5E-05";"1,8E-05";-7E-06
5;"0,060773";"172,31,18,98";"103,107,186,26";"TLSv1,2";1706;Application Data;;;;;;"0,060773";"0,060791";;"1,8E-05";;-3E-06;"2,1E-05";"2,4E-05"
6;"0,060791";"172,31,18,98";"103,107,186,26";"TLSv1,2";107;Application Data;;;;;;"0,060791";"0,060812";;"2,1E-05";;-2E-06;"2,3E-05";"2,5E-05"
7;"0,060812";"172,31,18,98";"103,107,186,26";"TLSv1,2";1706;Application Data;;;;;;"0,060812";"0,060835";;"2,3E-05";;3E-06;2E-05;"1,7E-05"
8;"0,060835";"172,31,18,98";"103,107,186,26";"TLSv1,2";1706;Application Data;;;;;;"0,060835";"0,060855";;2E-05;;0;2E-05;2E-05
9;"0,060855";"172,31,18,98";"103,107,186,26";"TLSv1,2";1181;Application Data;;;;;;"0,060855";"0,060875";;2E-05;;-2E-06;"2,2E-05";"2,4E-05"
10;"0,060875";"172,31,18,98";"103,107,186,26";"TLSv1,2";1706;Application Data;;;;;;"0,060875";"0,060897";;"2,2E-05";;5E-06;"1,7E-05";"1,2E-05"
11;"0,060897";"172,31,18,98";"103,107,186,26";"TLSv1,2";423;Application Data;;;;;;"0,060897";"0,060914";;"1,7E-05";;"-0,025355";"0,025372";"0,050727"
12;"0,060914";"172,31,18,98";"103,107,186,26";"TLSv1,2";107;Application Data;;;;;;"0,060914";"0,086286";;"0,025372";;"0,025372";0;"-0,025372"
13;"0,086286";"103,107,186,26";"172,31,18,98";TCP;54;51056  >  3389 [ACK] Seq=1 Ack=364 Win=13660 Len=0;;;;;;"0,086286";"0,086286";;0;;"-4,2E-05";"4,2E-05";"8,4E-05"
14;"0,086286";"103,107,186,26";"172,31,18,98";TCP;54;51056  >  3389 [ACK] Seq=1 Ack=425 Win=13660 Len=0;;;;;;"0,086286";"0,086328";;"4,2E-05";;"3,4E-05";8E-06;"-2,6E-05"
15;"0,086328";"103,107,186,26";"172,31,18,98";TCP;54;51056  >  3389 [ACK] Seq=1 Ack=478 Win=13660 Len=0;;;;;;"0,086328";"0,086336";;8E-06;;"-4,1E-05";"4,9E-05";9E-05
16;"0,086336";"103,107,186,26";"172,31,18,98";TCP;54;51056  >  3389 [ACK] Seq=1 Ack=1938 Win=13682 Len=0;;;;;;"0,086336";"0,086385";;"4,9E-05";;"2,6E-05";"2,3E-05";-3E-06
17;"0,086385";"103,107,186,26";"172,31,18,98";TCP;54;51056  >  3389 [ACK] Seq=1 Ack=2130 Win=13682 Len=0;;;;;;"0,086385";"0,086408";;"2,3E-05";;-4E-06;"2,7E-05";"3,1E-05"
18;"0,086408";"103,107,186,26";"172,31,18,98";TCP;54;51056  >  3389 [ACK] Seq=1 Ack=3590 Win=13705 Len=0;;;;;;"0,086408";"0,086435";;"2,7E-05";;-5E-06;"3,2E-05";"3,7E-05"
19;"0,086435";"103,107,186,26";"172,31,18,98";TCP;54;51056  >  3389 [ACK] Seq=1 Ack=3782 Win=13705 Len=0;;;;;;"0,086435";"0,086467";;"3,2E-05";;9E-06;"2,3E-05";"1,4E-05"
20;"0,086467";"103,107,186,26";"172,31,18,98";TCP;54;51056  >  3389 [ACK] Seq=1 Ack=5242 Win=13728 Len=0;;;;;;"0,086467";"0,08649";;"2,3E-05";;-5E-06;"2,8E-05";"3,3E-05"
21;"0,08649";"103,107,186,26";"172,31,18,98";TCP;54;51056  >  3389 [ACK] Seq=1 Ack=5434 Win=13728 Len=0;;;;;;"0,08649";"0,086518";;"2,8E-05";;-1E-06;"2,9E-05";3E-05
22;"0,086518";"103,107,186,26";"172,31,18,98";TCP;54;51056  >  3389 [ACK] Seq=1 Ack=6889 Win=13751 Len=0;;;;;;"0,086518";"0,086547";;"2,9E-05";;-3E-06;"3,2E-05";"3,5E-05"
23;"0,086547";"103,107,186,26";"172,31,18,98";TCP;54;51056  >  3389 [ACK] Seq=1 Ack=6942 Win=13751 Len=0;;;;;;"0,086547";"0,086579";;"3,2E-05";;9E-06;"2,3E-05";"1,4E-05"
24;"0,086579";"103,107,186,26";"172,31,18,98";TCP;54;51056  >  3389 [ACK] Seq=1 Ack=8402 Win=13774 Len=0;;;;;;"0,086579";"0,086602";;"2,3E-05";;-3E-06;"2,6E-05";"2,9E-05"
25;"0,086602";"103,107,186,26";"172,31,18,98";TCP;54;51056  >  3389 [ACK] Seq=1 Ack=8594 Win=13774 Len=0;;;;;;"0,086602";"0,086628";;"2,6E-05";;-5E-06;"3,1E-05";"3,6E-05"
26;"0,086628";"103,107,186,26";"172,31,18,98";TCP;54;51056  >  3389 [ACK] Seq=1 Ack=8647 Win=13774 Len=0;;;;;;"0,086628";"0,086659";;"3,1E-05";;9E-06;"2,2E-05";"1,3E-05"
27;"0,086659";"103,107,186,26";"172,31,18,98";TCP;54;51056  >  3389 [ACK] Seq=1 Ack=10160 Win=13796 Len=0;;;;;;"0,086659";"0,086681";;"2,2E-05";;-8E-06;3E-05;"3,8E-05"
28;"0,086681";"103,107,186,26";"172,31,18,98";TCP;54;51056  >  3389 [ACK] Seq=1 Ack=11812 Win=13819 Len=0;;;;;;"0,086681";"0,086711";;3E-05;;2E-06;"2,8E-05";"2,6E-05"
29;"0,086711";"103,107,186,26";"172,31,18,98";TCP;54;51056  >  3389 [ACK] Seq=1 Ack=13464 Win=13842 Len=0;;;;;;"0,086711";"0,086739";;"2,8E-05";;3E-06;"2,5E-05";"2,2E-05"
30;"0,086739";"103,107,186,26";"172,31,18,98";TCP;54;51056  >  3389 [ACK] Seq=1 Ack=15169 Win=13865 Len=0;;;;;;"0,086739";"0,086764";;"2,5E-05";;-1E-06;"2,6E-05";"2,7E-05"
31;"0,086764";"103,107,186,26";"172,31,18,98";TCP;54;51056  >  3389 [ACK] Seq=1 Ack=17367 Win=13888 Len=0;;;;;;"0,086764";"0,08679";;"2,6E-05";;"-6,3E-05";"8,9E-05";"0,000152"
32;"0,08679";"103,107,186,26";"172,31,18,98";TCP;54;51056  >  3389 [ACK] Seq=1 Ack=19019 Win=13910 Len=0;;;;;;"0,08679";"0,086879";;"8,9E-05";;"-0,000881";"0,00097";"0,001851"
33;"0,086879";"103,107,186,26";"172,31,18,98";TCP;54;51056  >  3389 [ACK] Seq=1 Ack=20671 Win=13933 Len=0;;;;;;"0,086879";"0,087849";;"0,00097";;"-0,003222";"0,004192";"0,007414"
34;"0,087849";"103,107,186,26";"172,31,18,98";TCP;54;51056  >  3389 [ACK] Seq=1 Ack=21073 Win=13933 Len=0;;;;;;"0,087849";"0,092041";;"0,004192";;"-0,031625";"0,035817";"0,067442"
35;"0,092041";"103,107,186,26";"172,31,18,98";TCP;54;51056  >  3389 [ACK] Seq=1 Ack=21110 Win=13933 Len=0;;;;;;"0,092041";"0,127858";;"0,035817";;"0,035756";"6,1E-05";"-0,035695"
36;"0,127858";"103,107,186,26";"172,31,18,98";TCP;54;51056  >  3389 [ACK] Seq=1 Ack=22570 Win=13956 Len=0;;;;;;"0,127858";"0,127919";;"6,1E-05";;"-0,039655";"0,039716";"0,079371"
37;"0,127919";"103,107,186,26";"172,31,18,98";TCP;54;51056  >  3389 [ACK] Seq=1 Ack=23395 Win=13956 Len=0;;;;;;"0,127919";"0,167635";;"0,039716";;"-0,002403";"0,042119";"0,044522"
38;"0,167635";"103,107,186,26";"172,31,18,98";"TLSv1,2";127;Application Data;;;;;;"0,167635";"0,209754";;"0,042119";;"0,042068";"5,1E-05";"-0,042017"
39;"0,209754";"103,107,186,26";"172,31,18,98";"TLSv1,2";200;"Application Data, Application Data";;;;;;"0,209754";"0,209805";;"5,1E-05";;"-0,046147";"0,046198";"0,092345"
40;"0,209805";"172,31,18,98";"103,107,186,26";TCP;54;3389  >  51056 [ACK] Seq=31658 Ack=220 Win=63231 Len=0;;;;;;"0,209805";"0,256003";;"0,046198";;"0,005502";"0,040696";"0,035194"
41;"0,256003";"103,107,186,26";"172,31,18,98";"TLSv1,2";233;"Application Data, Application Data, Application Data";;;;;;"0,256003";"0,296699";;"0,040696";;"0,040654";"4,2E-05";"-0,040612"
42;"0,296699";"103,107,186,26";"172,31,18,98";"TLSv1,2";574;"Application Data, Application Data, Application Data, Application Data, Application Data, Application Data, Application Data, Application Data";;;;;;"0,296699";"0,296741";;"4,2E-05";;"-0,004273";"0,004315";"0,008588"
43;"0,296741";"172,31,18,98";"103,107,186,26";TCP;54;3389  >  51056 [ACK] Seq=31658 Ack=919 Win=64000 Len=0;;;;;;"0,296741";"0,301056";;"0,004315";;"0,004128";"0,000187";"-0,003941"
44;"0,301056";"103,107,186,26";"172,31,18,98";TCP;54;51056  >  3389 [ACK] Seq=919 Ack=23448 Win=13956 Len=0;;;;;;"0,301056";"0,301243";;"0,000187";;"0,000139";"4,8E-05";"-9,1E-05"
45;"0,301243";"103,107,186,26";"172,31,18,98";TCP;54;51056  >  3389 [ACK] Seq=919 Ack=24908 Win=13979 Len=0;;;;;;"0,301243";"0,301291";;"4,8E-05";;"-1,4E-05";"6,2E-05";"7,6E-05"
46;"0,301291";"103,107,186,26";"172,31,18,98";TCP;54;51056  >  3389 [ACK] Seq=919 Ack=26613 Win=14002 Len=0;;;;;;"0,301291";"0,301353";;"6,2E-05";;"1,7E-05";"4,5E-05";"2,8E-05"
47;"0,301353";"103,107,186,26";"172,31,18,98";TCP;54;51056  >  3389 [ACK] Seq=919 Ack=28265 Win=14025 Len=0;;;;;;"0,301353";"0,301398";;"4,5E-05";;-7E-06;"5,2E-05";"5,9E-05"
48;"0,301398";"103,107,186,26";"172,31,18,98";TCP;54;51056  >  3389 [ACK] Seq=919 Ack=29584 Win=14047 Len=0;;;;;;"0,301398";"0,30145";;"5,2E-05";;"-6,1E-05";"0,000113";"0,000174"
49;"0,30145";"103,107,186,26";"172,31,18,98";TCP;54;51056  >  3389 [ACK] Seq=919 Ack=31044 Win=14070 Len=0;;;;;;"0,30145";"0,301563";;"0,000113";;"-0,116965";"0,117078";"0,234043"
50;"0,301563";"103,107,186,26";"172,31,18,98";TCP;54;51056  >  3389 [ACK] Seq=919 Ack=31658 Win=14070 Len=0;;;;;;"0,301563";"0,418641";;"0,117078";;"0,074613";"0,042465";"-0,032148"
51;"0,418641";"103,107,186,26";"172,31,18,98";"TLSv1,2";107;Application Data;;;;;;"0,418641";"0,461106";;"0,042465";;"0,018922";"0,023543";"0,004621"
52;"0,461106";"172,31,18,98";"103,107,186,26";TCP;54;3389  >  51056 [ACK] Seq=31658 Ack=972 Win=63947 Len=0;;;;;;"0,461106";"0,484649";;"0,023543";;"-0,00257";"0,026113";"0,028683"
53;"0,484649";"103,107,186,26";"172,31,18,98";"TLSv1,2";127;Application Data;;;;;;"0,484649";"0,510762";;"0,026113";;"0,02609";"2,3E-05";"-0,026067"
54;"0,510762";"103,107,186,26";"172,31,18,98";"TLSv1,2";188;"Application Data, Application Data";;;;;;"0,510762";"0,510785";;"2,3E-05";;"-0,117798";"0,117821";"0,235619"
55;"0,510785";"172,31,18,98";"103,107,186,26";TCP;54;3389  >  51056 [ACK] Seq=31658 Ack=1179 Win=63740 Len=0;;;;;;"0,510785";"0,628606";;"0,117821";;"0,066625";"0,051196";"-0,015429"
56;"0,628606";"103,107,186,26";"172,31,18,98";"TLSv1,2";97;Application Data;;;;;;"0,628606";"0,679802";;"0,051196";;"0,048917";"0,002279";"-0,046638"
57;"0,679802";"172,31,18,98";"103,107,186,26";TCP;54;3389  >  51056 [ACK] Seq=31658 Ack=1222 Win=63697 Len=0;;;;;;"0,679802";"0,682081";;"0,002279";;"-0,042351";"0,04463";"0,086981"
58;"0,682081";"103,107,186,26";"172,31,18,98";"TLSv1,2";183;"Application Data, Application Data, Application Data";;;;;;"0,682081";"0,726711";;"0,04463";;"0,043608";"0,001022";"-0,042586"
59;"0,726711";"172,31,18,98";"103,107,186,26";TCP;54;3389  >  51056 [ACK] Seq=31658 Ack=1351 Win=63568 Len=0;;;;;;"0,726711";"0,727733";;"0,001022";;"-0,000949";"0,001971";"0,00292"
60;"0,727733";"103,107,186,26";"172,31,18,98";"TLSv1,2";226;"Application Data, Application Data, Application Data, Application Data";;;;;;"0,727733";"0,729704";;"0,001971";;"-0,010745";"0,012716";"0,023461"
61;"0,729704";"172,31,18,98";"103,107,186,26";"TLSv1,2";101;Application Data;;;;;;"0,729704";"0,74242";;"0,012716";;"-0,004477";"0,017193";"0,02167"
62;"0,74242";"172,31,18,98";"103,107,186,26";"TLSv1,2";91;Application Data;;;;;;"0,74242";"0,759613";;"0,017193";;"-0,022971";"0,040164";"0,063135"
63;"0,759613";"103,107,186,26";"172,31,18,98";"TLSv1,2";183;"Application Data, Application Data, Application Data";;;;;;"0,759613";"0,799777";;"0,040164";;"0,04013";"3,4E-05";"-0,040096"
64;"0,799777";"103,107,186,26";"172,31,18,98";"TLSv1,2";140;"Application Data, Application Data";;;;;;"0,799777";"0,799811";;"3,4E-05";;"-0,026024";"0,026058";"0,052082"
65;"0,799811";"172,31,18,98";"103,107,186,26";TCP;54;3389  >  51056 [ACK] Seq=31742 Ack=1738 Win=63181 Len=0;;;;;;"0,799811";"0,825869";;"0,026058";;"-0,00013";"0,026188";"0,026318"
66;"0,825869";"103,107,186,26";"172,31,18,98";"TLSv1,2";140;"Application Data, Application Data";;;;;;"0,825869";"0,852057";;"0,026188";;"0,026155";"3,3E-05";"-0,026122"
67;"0,852057";"103,107,186,26";"172,31,18,98";"TLSv1,2";97;Application Data;;;;;;"0,852057";"0,85209";;"3,3E-05";;"-0,016339";"0,016372";"0,032711"
68;"0,85209";"172,31,18,98";"103,107,186,26";TCP;54;3389  >  51056 [ACK] Seq=31742 Ack=1867 Win=63052 Len=0;;;;;;"0,85209";"0,868462";;"0,016372";;"0,01634";"3,2E-05";"-0,016308"
69;"0,868462";"172,31,18,98";"103,107,186,26";"TLSv1,2";107;Application Data;;;;;;"0,868462";"0,868494";;"3,2E-05";;2E-06;3E-05;"2,8E-05"
70;"0,868494";"172,31,18,98";"103,107,186,26";"TLSv1,2";1334;Application Data;;;;;;"0,868494";"0,868524";;3E-05;;"-0,019139";"0,019169";"0,038308"
71;"0,868524";"172,31,18,98";"103,107,186,26";"TLSv1,2";105;Application Data;;;;;;"0,868524";"0,887693";;"0,019169";;"-0,012867";"0,032036";"0,044903"
72;"0,887693";"103,107,186,26";"172,31,18,98";"TLSv1,2";140;"Application Data, Application Data";;;;;;"0,887693";"0,919729";;"0,032036";;"0,031994";"4,2E-05";"-0,031952"
73;"0,919729";"103,107,186,26";"172,31,18,98";"TLSv1,2";140;"Application Data, Application Data";;;;;;"0,919729";"0,919771";;"4,2E-05";;"-0,000576";"0,000618";"0,001194"
74;"0,919771";"172,31,18,98";"103,107,186,26";TCP;54;3389  >  51056 [ACK] Seq=33126 Ack=2039 Win=62880 Len=0;;;;;;"0,919771";"0,920389";;"0,000618";;"0,000587";"3,1E-05";"-0,000556"
75;"0,920389";"172,31,18,98";"103,107,186,26";"TLSv1,2";1706;Application Data;;;;;;"0,920389";"0,92042";;"3,1E-05";;-9E-06;4E-05;"4,9E-05"
76;"0,92042";"172,31,18,98";"103,107,186,26";"TLSv1,2";1706;Application Data;;;;;;"0,92042";"0,92046";;4E-05;;"1,6E-05";"2,4E-05";8E-06
77;"0,92046";"172,31,18,98";"103,107,186,26";"TLSv1,2";1706;Application Data;;;;;;"0,92046";"0,920484";;"2,4E-05";;1E-05;"1,4E-05";4E-06
78;"0,920484";"172,31,18,98";"103,107,186,26";"TLSv1,2";107;Application Data;;;;;;"0,920484";"0,920498";;"1,4E-05";;"-1,5E-05";"2,9E-05";"4,4E-05"
79;"0,920498";"172,31,18,98";"103,107,186,26";"TLSv1,2";1086;Application Data;;;;;;"0,920498";"0,920527";;"2,9E-05";;"-0,039251";"0,03928";"0,078531"
80;"0,920527";"172,31,18,98";"103,107,186,26";"TLSv1,2";306;Application Data;;;;;;"0,920527";"0,959807";;"0,03928";;"0,034505";"0,004775";"-0,02973"
81;"0,959807";"103,107,186,26";"172,31,18,98";"TLSv1,2";140;"Application Data, Application Data";;;;;;"0,959807";"0,964582";;"0,004775";;"0,004723";"5,2E-05";"-0,004671"
82;"0,964582";"172,31,18,98";"103,107,186,26";"TLSv1,2";107;Application Data;;;;;;"0,964582";"0,964634";;"5,2E-05";;"2,6E-05";"2,6E-05";0
83;"0,964634";"172,31,18,98";"103,107,186,26";"TLSv1,2";1706;Application Data;;;;;;"0,964634";"0,96466";;"2,6E-05";;7E-06;"1,9E-05";"1,2E-05"
84;"0,96466";"172,31,18,98";"103,107,186,26";"TLSv1,2";1706;Application Data;;;;;;"0,96466";"0,964679";;"1,9E-05";;"-1,8E-05";"3,7E-05";"5,5E-05"
85;"0,964679";"172,31,18,98";"103,107,186,26";"TLSv1,2";1073;Application Data;;;;;;"0,964679";"0,964716";;"3,7E-05";;"1,6E-05";"2,1E-05";5E-06
86;"0,964716";"172,31,18,98";"103,107,186,26";"TLSv1,2";118;Application Data;;;;;;"0,964716";"0,964737";;"2,1E-05";;"-0,005264";"0,005285";"0,010549"
87;"0,964737";"172,31,18,98";"103,107,186,26";"TLSv1,2";107;Application Data;;;;;;"0,964737";"0,970022";;"0,005285";;"-0,007408";"0,012693";"0,020101"
88;"0,970022";"103,107,186,26";"172,31,18,98";TCP;54;51056  >  3389 [ACK] Seq=2125 Ack=31705 Win=14070 Len=0;;;;;;"0,970022";"0,982715";;"0,012693";;"0,009241";"0,003452";"-0,005789"
89;"0,982715";"103,107,186,26";"172,31,18,98";TCP;54;51056  >  3389 [ACK] Seq=2125 Ack=31742 Win=14070 Len=0;;;;;;"0,982715";"0,986167";;"0,003452";;"-0,049584";"0,053036";"0,10262"
90;"0,986167";"103,107,186,26";"172,31,18,98";"TLSv1,2";97;Application Data;;;;;;"0,986167";"1,039203";;"0,053036";;"-0,016611";"0,069647";"0,086258"
91;1.039.203;"172,31,18,98";"103,107,186,26";TCP;54;3389  >  51056 [ACK] Seq=43912 Ack=2168 Win=62751 Len=0;;;;"1,039203";;"1,039203";"1,10885";;"0,069647";;"0,017739";"0,051908";"0,034169"
92;1.108.850;"103,107,186,26";"172,31,18,98";TCP;54;51056  >  3389 [ACK] Seq=2168 Ack=33126 Win=14093 Len=0;;;;"1,10885";;"1,10885";"1,160758";;"0,051908";;"0,051908";0;"-0,051908"
93;1.160.758;"103,107,186,26";"172,31,18,98";TCP;54;51056  >  3389 [ACK] Seq=2168 Ack=34778 Win=14116 Len=0;;;;"1,160758";;"1,160758";"1,160758";;0;;0;0;0
94;1.160.758;"103,107,186,26";"172,31,18,98";TCP;54;51056  >  3389 [ACK] Seq=2168 Ack=36430 Win=14139 Len=0;;;;"1,160758";;"1,160758";"1,160758";;0;;"-8,6E-05";"8,6E-05";"0,000172"
95;1.160.758;"103,107,186,26";"172,31,18,98";TCP;54;51056  >  3389 [ACK] Seq=2168 Ack=38082 Win=14161 Len=0;;;;"1,160758";;"1,160758";"1,160844";;"8,6E-05";;"-0,044053";"0,044139";"0,088192"
96;1.160.844;"103,107,186,26";"172,31,18,98";TCP;54;51056  >  3389 [ACK] Seq=2168 Ack=39419 Win=14161 Len=0;;;;"1,160844";;"1,160844";"1,204983";;"0,044139";;"0,044139";0;"-0,044139"
97;1.204.983;"103,107,186,26";"172,31,18,98";TCP;54;51056  >  3389 [ACK] Seq=2168 Ack=40932 Win=14184 Len=0;;;;"1,204983";;"1,204983";"1,204983";;0;;"-0,000139";"0,000139";"0,000278"
98;1.204.983;"103,107,186,26";"172,31,18,98";TCP;54;51056  >  3389 [ACK] Seq=2168 Ack=42584 Win=14207 Len=0;;;;"1,204983";;"1,204983";"1,205122";;"0,000139";;"-0,036408";"0,036547";"0,072955"
99;1.205.122;"103,107,186,26";"172,31,18,98";TCP;54;51056  >  3389 [ACK] Seq=2168 Ack=43912 Win=14207 Len=0;;;;"1,205122";;"1,205122";"1,241669";;"0,036547";;"-0,01097";"0,047517";"0,058487"
100;1.241.669;"103,107,186,26";"172,31,18,98";"TLSv1,2";107;Application Data;;;;"1,241669";;"1,241669";"1,289186";;"0,047517";;"0,032137";"0,01538";"-0,016757"
101;1.289.186;"172,31,18,98";"103,107,186,26";TCP;54;3389  >  51056 [ACK] Seq=43912 Ack=2221 Win=62698 Len=0;;;;"1,289186";;"1,289186";"1,304566";;"0,01538";;"-0,010806";"0,026186";"0,036992"
102;1.304.566;"103,107,186,26";"172,31,18,98";"TLSv1,2";200;"Application Data, Application Data";;;;"1,304566";;"1,304566";"1,330752";;"0,026186";;"0,026147";"3,9E-05";"-0,026108"
103;1.330.752;"103,107,186,26";"172,31,18,98";"TLSv1,2";180;"Application Data, Application Data";;;;"1,330752";;"1,330752";"1,330791";;"3,9E-05";;"-0,026031";"0,02607";"0,052101"
104;1.330.791;"172,31,18,98";"103,107,186,26";TCP;54;3389  >  51056 [ACK] Seq=43912 Ack=2493 Win=64000 Len=0;;;;"1,330791";;"1,330791";"1,356861";;"0,02607";;"-9,2E-05";"0,026162";"0,026254"
105;1.356.861;"103,107,186,26";"172,31,18,98";"TLSv1,2";127;Application Data;;;;"1,356861";;"1,356861";"1,383023";;"0,026162";;"0,026142";2E-05;"-0,026122"
106;1.383.023;"103,107,186,26";"172,31,18,98";"TLSv1,2";261;"Application Data, Application Data, Application Data";;;;"1,383023";;"1,383023";"1,383043";;2E-05;;"-0,133082";"0,133102";"0,266184"
107;1.383.043;"172,31,18,98";"103,107,186,26";TCP;54;3389  >  51056 [ACK] Seq=43912 Ack=2773 Win=63720 Len=0;;;;"1,383043";;"1,383043";"1,516145";;"0,133102";;"0,133059";"4,3E-05";"-0,133016"
108;1.516.145;"172,31,18,98";"103,107,186,26";"TLSv1,2";107;Application Data;;;;"1,516145";;"1,516145";"1,516188";;"4,3E-05";;-3E-06;"4,6E-05";"4,9E-05"
109;1.516.188;"172,31,18,98";"103,107,186,26";"TLSv1,2";107;Application Data;;;;"1,516188";;"1,516188";"1,516234";;"4,6E-05";;"2,2E-05";"2,4E-05";2E-06
110;1.516.234;"172,31,18,98";"103,107,186,26";"TLSv1,2";1706;Application Data;;;;"1,516234";;"1,516234";"1,516258";;"2,4E-05";;6E-06;"1,8E-05";"1,2E-05"
111;1.516.258;"172,31,18,98";"103,107,186,26";"TLSv1,2";1706;Application Data;;;;"1,516258";;"1,516258";"1,516276";;"1,8E-05";;-1E-05;"2,8E-05";"3,8E-05"
112;1.516.276;"172,31,18,98";"103,107,186,26";"TLSv1,2";1706;Application Data;;;;"1,516276";;"1,516276";"1,516304";;"2,8E-05";;6E-06;"2,2E-05";"1,6E-05"
113;1.516.304;"172,31,18,98";"103,107,186,26";"TLSv1,2";1706;Application Data;;;;"1,516304";;"1,516304";"1,516326";;"2,2E-05";;8E-06;"1,4E-05";6E-06
114;1.516.326;"172,31,18,98";"103,107,186,26";"TLSv1,2";107;Application Data;;;;"1,516326";;"1,516326";"1,51634";;"1,4E-05";;"-1,7E-05";"3,1E-05";"4,8E-05"
115;1.516.340;"172,31,18,98";"103,107,186,26";"TLSv1,2";1706;Application Data;;;;"1,51634";;"1,51634";"1,516371";;"3,1E-05";;"1,4E-05";"1,7E-05";3E-06
116;1.516.371;"172,31,18,98";"103,107,186,26";"TLSv1,2";1706;Application Data;;;;"1,516371";;"1,516371";"1,516388";;"1,7E-05";;-1E-06;"1,8E-05";"1,9E-05"
117;1.516.388;"172,31,18,98";"103,107,186,26";"TLSv1,2";681;Application Data;;;;"1,516388";;"1,516388";"1,516406";;"1,8E-05";;"-2,22045E-16";"1,8E-05";"1,8E-05"
118;1.516.406;"172,31,18,98";"103,107,186,26";"TLSv1,2";1706;Application Data;;;;"1,516406";;"1,516406";"1,516424";;"1,8E-05";;-6E-06;"2,4E-05";3E-05
119;1.516.424;"172,31,18,98";"103,107,186,26";"TLSv1,2";1605;Application Data;;;;"1,516424";;"1,516424";"1,516448";;"2,4E-05";;"-0,24008";"0,240104";"0,480184"
120;1.516.448;"172,31,18,98";"103,107,186,26";"TLSv1,2";107;Application Data;;;;"1,516448";;"1,516448";"1,756552";;"0,240104";;"0,240104";0;"-0,240104"
121;1.756.552;"103,107,186,26";"172,31,18,98";TCP;54;51056  >  3389 [ACK] Seq=2773 Ack=44018 Win=14207 Len=0;;;;"1,756552";;"1,756552";"1,756552";;0;;"-5,8E-05";"5,8E-05";"0,000116"
122;1.756.552;"103,107,186,26";"172,31,18,98";TCP;54;51056  >  3389 [ACK] Seq=2773 Ack=45670 Win=14230 Len=0;;;;"1,756552";;"1,756552";"1,75661";;"5,8E-05";;"3,2E-05";"2,6E-05";-6E-06
123;1.756.610;"103,107,186,26";"172,31,18,98";TCP;54;51056  >  3389 [ACK] Seq=2773 Ack=47322 Win=14253 Len=0;;;;"1,75661";;"1,75661";"1,756636";;"2,6E-05";;-4E-06;3E-05;"3,4E-05"
124;1.756.636;"103,107,186,26";"172,31,18,98";TCP;54;51056  >  3389 [ACK] Seq=2773 Ack=48974 Win=14275 Len=0;;;;"1,756636";;"1,756636";"1,756666";;3E-05;;3E-06;"2,7E-05";"2,4E-05"
125;1.756.666;"103,107,186,26";"172,31,18,98";TCP;54;51056  >  3389 [ACK] Seq=2773 Ack=50626 Win=14298 Len=0;;;;"1,756666";;"1,756666";"1,756693";;"2,7E-05";;-4E-06;"3,1E-05";"3,5E-05"
126;1.756.693;"103,107,186,26";"172,31,18,98";TCP;54;51056  >  3389 [ACK] Seq=2773 Ack=52139 Win=14321 Len=0;;;;"1,756693";;"1,756693";"1,756724";;"3,1E-05";;7E-06;"2,4E-05";"1,7E-05"
127;1.756.724;"103,107,186,26";"172,31,18,98";TCP;54;51056  >  3389 [ACK] Seq=2773 Ack=53791 Win=14344 Len=0;;;;"1,756724";;"1,756724";"1,756748";;"2,4E-05";;"-1,6E-05";4E-05;"5,6E-05"
128;1.756.748;"103,107,186,26";"172,31,18,98";TCP;54;51056  >  3389 [ACK] Seq=2773 Ack=56070 Win=14367 Len=0;;;;"1,756748";;"1,756748";"1,756788";;4E-05;;"-9,8E-05";"0,000138";"0,000236"
129;1.756.788;"103,107,186,26";"172,31,18,98";TCP;54;51056  >  3389 [ACK] Seq=2773 Ack=57722 Win=14390 Len=0;;;;"1,756788";;"1,756788";"1,756926";;"0,000138";;"-0,129232";"0,12937";"0,258602"
130;1.756.926;"103,107,186,26";"172,31,18,98";TCP;54;51056  >  3389 [ACK] Seq=2773 Ack=57866 Win=14390 Len=0;;;;"1,756926";;"1,756926";"1,886296";;"0,12937";;"0,129326";"4,4E-05";"-0,129282"
131;1.886.296;"172,31,18,98";"103,107,186,26";"TLSv1,2";107;Application Data;;;;"1,886296";;"1,886296";"1,88634";;"4,4E-05";;"2,5E-05";"1,9E-05";-6E-06
132;1.886.340;"172,31,18,98";"103,107,186,26";"TLSv1,2";1706;Application Data;;;;"1,88634";;"1,88634";"1,886359";;"1,9E-05";;"-1,8E-05";"3,7E-05";"5,5E-05"
133;1.886.359;"172,31,18,98";"103,107,186,26";"TLSv1,2";213;Application Data;;;;"1,886359";;"1,886359";"1,886396";;"3,7E-05";;"-0,003179";"0,003216";"0,006395"
134;1.886.396;"172,31,18,98";"103,107,186,26";"TLSv1,2";105;Application Data;;;;"1,886396";;"1,886396";"1,889612";;"0,003216";;"-0,040101";"0,043317";"0,083418"
135;1.889.612;"103,107,186,26";"172,31,18,98";"TLSv1,2";107;Application Data;;;;"1,889612";;"1,889612";"1,932929";;"0,043317";;"0,043259";"5,8E-05";"-0,043201"
136;1.932.929;"172,31,18,98";"103,107,186,26";"TLSv1,2";1706;Application Data;;;;"1,932929";;"1,932929";"1,932987";;"5,8E-05";;"-0,026729";"0,026787";"0,053516"
137;1.932.987;"172,31,18,98";"103,107,186,26";"TLSv1,2";1219;Application Data;;;;"1,932987";;"1,932987";"1,959774";;"0,026787";;"-0,021384";"0,048171";"0,069555"
138;1.959.774;"103,107,186,26";"172,31,18,98";"TLSv1,2";107;Application Data;;;;"1,959774";;"1,959774";"2,007945";;"0,048171";;"0,039262";"0,008909";"-0,030353"
139;2.007.945;"172,31,18,98";"103,107,186,26";TCP;54;3389  >  51056 [ACK] Seq=62598 Ack=2879 Win=63614 Len=0;;;;"2,007945";;"2,007945";"2,016854";;"0,008909";;"-0,044663";"0,053572";"0,098235"
140;2.016.854;"103,107,186,26";"172,31,18,98";"TLSv1,2";261;"Application Data, Application Data, Application Data";;;;"2,016854";;"2,016854";"2,070426";;"0,053572";;"-0,00278";"0,056352";"0,059132"
141;2.070.426;"172,31,18,98";"103,107,186,26";TCP;54;3389  >  51056 [ACK] Seq=62598 Ack=3086 Win=63407 Len=0;;;;"2,070426";;"2,070426";"2,126778";;"0,056352";;"0,056352";0;"-0,056352"
142;2.126.778;"103,107,186,26";"172,31,18,98";TCP;54;51056  >  3389 [ACK] Seq=3086 Ack=59379 Win=14412 Len=0;;;;"2,126778";;"2,126778";"2,126778";;0;;"-0,046561";"0,046561";"0,093122"
143;2.126.778;"103,107,186,26";"172,31,18,98";TCP;54;51056  >  3389 [ACK] Seq=3086 Ack=59781 Win=14412 Len=0;;;;"2,126778";;"2,126778";"2,173339";;"0,046561";;"0,020214";"0,026347";"0,006133"
144;2.173.339;"103,107,186,26";"172,31,18,98";TCP;54;51056  >  3389 [ACK] Seq=3086 Ack=61433 Win=14435 Len=0;;;;"2,173339";;"2,173339";"2,199686";;"0,026347";;"-0,016287";"0,042634";"0,058921"
145;2.199.686;"103,107,186,26";"172,31,18,98";"TLSv1,2";107;Application Data;;;;"2,199686";;"2,199686";"2,24232";;"0,042634";;"0,037264";"0,00537";"-0,031894"
146;2.242.320;"172,31,18,98";"103,107,186,26";TCP;54;3389  >  51056 [ACK] Seq=62598 Ack=3139 Win=63354 Len=0;;;;"2,24232";;"2,24232";"2,24769";;"0,00537";;"-0,035549";"0,040919";"0,076468"
147;2.247.690;"103,107,186,26";"172,31,18,98";"TLSv1,2";200;"Application Data, Application Data";;;;"2,24769";;"2,24769";"2,288609";;"0,040919";;"0,040895";"2,4E-05";"-0,040871"
148;2.288.609;"103,107,186,26";"172,31,18,98";"TLSv1,2";127;Application Data;;;;"2,288609";;"2,288609";"2,288633";;"2,4E-05";;"-0,039156";"0,03918";"0,078336"
149;2.288.633;"172,31,18,98";"103,107,186,26";TCP;54;3389  >  51056 [ACK] Seq=62598 Ack=3358 Win=63135 Len=0;;;;"2,288633";;"2,288633";"2,327813";;"0,03918";;"-0,015932";"0,055112";"0,071044"
150;2.327.813;"103,107,186,26";"172,31,18,98";"TLSv1,2";127;Application Data;;;;"2,327813";;"2,327813";"2,382925";;"0,055112";;"-0,262348";"0,31746";"0,579808"
151;2.382.925;"172,31,18,98";"103,107,186,26";TCP;54;3389  >  51056 [ACK] Seq=62598 Ack=3431 Win=63062 Len=0;;;;"2,382925";;"2,382925";"2,700385";;"0,31746";;"0,317417";"4,3E-05";"-0,317374"
152;2.700.385;"172,31,18,98";"103,107,186,26";"TLSv1,2";1706;Application Data;;;;"2,700385";;"2,700385";"2,700428";;"4,3E-05";;"-0,240772";"0,240815";"0,481587"
153;2.700.428;"172,31,18,98";"103,107,186,26";"TLSv1,2";822;Application Data;;;;"2,700428";;"2,700428";"2,941243";;"0,240815";;"0,203782";"0,037033";"-0,166749"
154;2.941.243;"103,107,186,26";"172,31,18,98";TCP;54;51056  >  3389 [ACK] Seq=3431 Ack=64250 Win=14481 Len=0;;;;"2,941243";;"2,941243";"2,978276";;"0,037033";;"-0,074128";"0,111161";"0,185289"
155;2.978.276;"103,107,186,26";"172,31,18,98";TCP;54;51056  >  3389 [ACK] Seq=3431 Ack=65018 Win=14481 Len=0;;;;"2,978276";;"2,978276";"3,089437";;"0,111161";;"0,111122";"3,9E-05";"-0,111083"
156;3.089.437;"172,31,18,98";"103,107,186,26";"TLSv1,2";107;Application Data;;;;"3,089437";;"3,089437";"3,089476";;"3,9E-05";;1E-05;"2,9E-05";"1,9E-05"
157;3.089.476;"172,31,18,98";"103,107,186,26";"TLSv1,2";865;Application Data;;;;"3,089476";;"3,089476";"3,089505";;"2,9E-05";;"-0,039075";"0,039104";"0,078179"
158;3.089.505;"172,31,18,98";"103,107,186,26";"TLSv1,2";105;Application Data;;;;"3,089505";;"3,089505";"3,128609";;"0,039104";;"0,031139";"0,007965";"-0,023174"
159;3.128.609;"103,107,186,26";"172,31,18,98";"TLSv1,2";127;Application Data;;;;"3,128609";;"3,128609";"3,136574";;"0,007965";;"-0,014995";"0,02296";"0,037955"
160;3.136.574;"172,31,18,98";"103,107,186,26";"TLSv1,2";1599;Application Data;;;;"3,136574";;"3,136574";"3,159534";;"0,02296";;"-0,028549";"0,051509";"0,080058"
161;3.159.534;"103,107,186,26";"172,31,18,98";"TLSv1,2";127;Application Data;;;;"3,159534";;"3,159534";"3,211043";;"0,051509";;"-0,067187";"0,118696";"0,185883"
162;3.211.043;"172,31,18,98";"103,107,186,26";TCP;54;3389  >  51056 [ACK] Seq=67478 Ack=3577 Win=62916 Len=0;;;;"3,211043";;"3,211043";"3,329739";;"0,118696";;"0,118696";0;"-0,118696"
163;3.329.739;"103,107,186,26";"172,31,18,98";TCP;54;51056  >  3389 [ACK] Seq=3577 Ack=65071 Win=14481 Len=0;;;;"3,329739";;"3,329739";"3,329739";;0;;"-5,1E-05";"5,1E-05";"0,000102"
164;3.329.739;"103,107,186,26";"172,31,18,98";TCP;54;51056  >  3389 [ACK] Seq=3577 Ack=65882 Win=14481 Len=0;;;;"3,329739";;"3,329739";"3,32979";;"5,1E-05";;"-0,04716";"0,047211";"0,094371"
165;3.329.790;"103,107,186,26";"172,31,18,98";TCP;54;51056  >  3389 [ACK] Seq=3577 Ack=65933 Win=14481 Len=0;;;;"3,32979";;"3,32979";"3,377001";;"0,047211";;"0,047211";0;"-0,047211"
166;3.377.001;"103,107,186,26";"172,31,18,98";TCP;54;51056  >  3389 [ACK] Seq=3577 Ack=67393 Win=14504 Len=0;;;;"3,377001";;"3,377001";"3,377001";;0;;"-0,038452";"0,038452";"0,076904"
167;3.377.001;"103,107,186,26";"172,31,18,98";TCP;54;51056  >  3389 [ACK] Seq=3577 Ack=67478 Win=14504 Len=0;;;;"3,377001";;"3,377001";"3,415453";;"0,038452";;"-0,007154";"0,045606";"0,05276"
168;3.415.453;"103,107,186,26";"172,31,18,98";"TLSv1,2";107;Application Data;;;;"3,415453";;"3,415453";"3,461059";;"0,045606";;"0,026144";"0,019462";"-0,006682"
169;3.461.059;"172,31,18,98";"103,107,186,26";TCP;54;3389  >  51056 [ACK] Seq=67478 Ack=3630 Win=62863 Len=0;;;;"3,461059";;"3,461059";"3,480521";;"0,019462";;"-0,019684";"0,039146";"0,05883"
170;3.480.521;"103,107,186,26";"172,31,18,98";"TLSv1,2";273;"Application Data, Application Data, Application Data";;;;"3,480521";;"3,480521";"3,519667";;"0,039146";;"0,039117";"2,9E-05";"-0,039088"
171;3.519.667;"103,107,186,26";"172,31,18,98";"TLSv1,2";127;Application Data;;;;"3,519667";;"3,519667";"3,519696";;"2,9E-05";;"-0,19457";"0,194599";"0,389169"
172;3.519.696;"172,31,18,98";"103,107,186,26";TCP;54;3389  >  51056 [ACK] Seq=67478 Ack=3922 Win=62571 Len=0;;;;"3,519696";;"3,519696";"3,714295";;"0,194599";;"0,1164";"0,078199";"-0,038201"
173;3.714.295;"172,31,18,98";"103,107,186,26";"TLSv1,2";880;Application Data;;;;"3,714295";;"3,714295";"3,792494";;"0,078199";;"0,078154";"4,5E-05";"-0,078109"
174;3.792.494;"172,31,18,98";"103,107,186,26";"TLSv1,2";1706;Application Data;;;;"3,792494";;"3,792494";"3,792539";;"4,5E-05";;"-0,162102";"0,162147";"0,324249"
175;3.792.539;"172,31,18,98";"103,107,186,26";"TLSv1,2";459;Application Data;;;;"3,792539";;"3,792539";"3,954686";;"0,162147";;"0,083956";"0,078191";"-0,005765"
176;3.954.686;"103,107,186,26";"172,31,18,98";TCP;54;51056  >  3389 [ACK] Seq=3922 Ack=68304 Win=14504 Len=0;;;;"3,954686";;"3,954686";"4,032877";;"0,078191";;"0,078191";0;"-0,078191"
177;4.032.877;"103,107,186,26";"172,31,18,98";TCP;54;51056  >  3389 [ACK] Seq=3922 Ack=69764 Win=14526 Len=0;;;;"4,032877";;"4,032877";"4,032877";;0;;"-4,9E-05";"4,9E-05";"9,8E-05"
178;4.032.877;"103,107,186,26";"172,31,18,98";TCP;54;51056  >  3389 [ACK] Seq=3922 Ack=69956 Win=14526 Len=0;;;;"4,032877";;"4,032877";"4,032926";;"4,9E-05";;"-0,055565";"0,055614";"0,111179"
179;4.032.926;"103,107,186,26";"172,31,18,98";TCP;54;51056  >  3389 [ACK] Seq=3922 Ack=70361 Win=14526 Len=0;;;;"4,032926";;"4,032926";"4,08854";;"0,055614";;"0,015551";"0,040063";"0,024512"
180;4.088.540;"103,107,186,26";"172,31,18,98";"TLSv1,2";127;Application Data;;;;"4,08854";;"4,08854";"4,128603";;"0,040063";;"0,040017";"4,6E-05";"-0,039971"
181;4.128.603;"103,107,186,26";"172,31,18,98";"TLSv1,2";127;Application Data;;;;"4,128603";;"4,128603";"4,128649";;"4,6E-05";;"-0,039667";"0,039713";"0,07938"
182;4.128.649;"172,31,18,98";"103,107,186,26";TCP;54;3389  >  51056 [ACK] Seq=70361 Ack=4068 Win=64000 Len=0;;;;"4,128649";;"4,128649";"4,168362";;"0,039713";;"-0,002981";"0,042694";"0,045675"
183;4.168.362;"103,107,186,26";"172,31,18,98";"TLSv1,2";200;"Application Data, Application Data";;;;"4,168362";;"4,168362";"4,211056";;"0,042694";;"-0,05436";"0,097054";"0,151414"
184;4.211.056;"172,31,18,98";"103,107,186,26";TCP;54;3389  >  51056 [ACK] Seq=70361 Ack=4214 Win=63854 Len=0;;;;"4,211056";;"4,211056";"4,30811";;"0,097054";;"0,096987";"6,7E-05";"-0,09692"
185;4.308.110;"172,31,18,98";"103,107,186,26";"TLSv1,2";738;Application Data;;;;"4,30811";;"4,30811";"4,308177";;"6,7E-05";;"-0,046962";"0,047029";"0,093991"
186;4.308.177;"172,31,18,98";"103,107,186,26";"TLSv1,2";105;Application Data;;;;"4,308177";;"4,308177";"4,355206";;"0,047029";;"0,046989";4E-05;"-0,046949"
187;4.355.206;"172,31,18,98";"103,107,186,26";"TLSv1,2";107;Application Data;;;;"4,355206";;"4,355206";"4,355246";;4E-05;;-7E-06;"4,7E-05";"5,4E-05"
188;4.355.246;"172,31,18,98";"103,107,186,26";"TLSv1,2";1706;Application Data;;;;"4,355246";;"4,355246";"4,355293";;"4,7E-05";;"-0,193156";"0,193203";"0,386359"
189;4.355.293;"172,31,18,98";"103,107,186,26";"TLSv1,2";615;Application Data;;;;"4,355293";;"4,355293";"4,548496";;"0,193203";;"0,193203";0;"-0,193203"
190;4.548.496;"103,107,186,26";"172,31,18,98";TCP;54;51056  >  3389 [ACK] Seq=4214 Ack=71045 Win=14526 Len=0;;;;"4,548496";;"4,548496";"4,548496";;0;;"-0,04698";"0,04698";"0,09396"
191;4.548.496;"103,107,186,26";"172,31,18,98";TCP;54;51056  >  3389 [ACK] Seq=4214 Ack=71096 Win=14526 Len=0;;;;"4,548496";;"4,548496";"4,595476";;"0,04698";;"0,046862";"0,000118";"-0,046744"
192;4.595.476;"103,107,186,26";"172,31,18,98";TCP;54;51056  >  3389 [ACK] Seq=4214 Ack=71149 Win=14526 Len=0;;;;"4,595476";;"4,595476";"4,595594";;"0,000118";;"0,000103";"1,5E-05";"-8,8E-05"
193;4.595.594;"103,107,186,26";"172,31,18,98";TCP;54;51056  >  3389 [ACK] Seq=4214 Ack=72609 Win=14549 Len=0;;;;"4,595594";;"4,595594";"4,595609";;"1,5E-05";;"-1,7E-05";"3,2E-05";"4,9E-05"
194;4.595.609;"103,107,186,26";"172,31,18,98";TCP;54;51056  >  3389 [ACK] Seq=4214 Ack=72801 Win=14549 Len=0;;;;"4,595609";;"4,595609";"4,595641";;"3,2E-05";;"-0,118655";"0,118687";"0,237342"
195;4.595.641;"103,107,186,26";"172,31,18,98";TCP;54;51056  >  3389 [ACK] Seq=4214 Ack=73362 Win=14549 Len=0;;;;"4,595641";;"4,595641";"4,714328";;"0,118687";;"0,063027";"0,05566";"-0,007367"
196;4.714.328;"172,31,18,98";"103,107,186,26";"TLSv1,2";722;Application Data;;;;"4,714328";;"4,714328";"4,769988";;"0,05566";;"0,033089";"0,022571";"-0,010518"
197;4.769.988;"103,107,186,26";"172,31,18,98";"TLSv1,2";127;Application Data;;;;"4,769988";;"4,769988";"4,792559";;"0,022571";;"0,022521";5E-05;"-0,022471"
198;4.792.559;"172,31,18,98";"103,107,186,26";"TLSv1,2";1706;Application Data;;;;"4,792559";;"4,792559";"4,792609";;5E-05;;"-0,024017";"0,024067";"0,048084"
199;4.792.609;"172,31,18,98";"103,107,186,26";"TLSv1,2";901;Application Data;;;;"4,792609";;"4,792609";"4,816676";;"0,024067";;"-0,007816";"0,031883";"0,039699"
200;4.816.676;"103,107,186,26";"172,31,18,98";"TLSv1,2";180;"Application Data, Application Data";;;;"4,816676";;"4,816676";"4,848559";;"0,031883";;"0,031849";"3,4E-05";"-0,031815"
201;4.848.559;"103,107,186,26";"172,31,18,98";"TLSv1,2";200;"Application Data, Application Data";;;;"4,848559";;"4,848559";"4,848593";;"3,4E-05";;"-0,106126";"0,10616";"0,212286"
202;4.848.593;"172,31,18,98";"103,107,186,26";TCP;54;3389  >  51056 [ACK] Seq=76529 Ack=4559 Win=63509 Len=0;;;;"4,848593";;"4,848593";"4,954753";;"0,10616";;"0,027834";"0,078326";"0,050492"
203;4.954.753;"103,107,186,26";"172,31,18,98";TCP;54;51056  >  3389 [ACK] Seq=4559 Ack=74030 Win=14549 Len=0;;;;"4,954753";;"4,954753";"5,033079";;"0,078326";;"0,078326";0;"-0,078326"
204;5.033.079;"103,107,186,26";"172,31,18,98";TCP;54;51056  >  3389 [ACK] Seq=4559 Ack=75490 Win=14572 Len=0;;;;"5,033079";;"5,033079";"5,033079";;0;;0;0;0
205;5.033.079;"103,107,186,26";"172,31,18,98";TCP;54;51056  >  3389 [ACK] Seq=4559 Ack=75682 Win=14572 Len=0;;;;"5,033079";;"5,033079";"5,033079";;0;;"-0,065425";"0,065425";"0,13085"
206;5.033.079;"103,107,186,26";"172,31,18,98";TCP;54;51056  >  3389 [ACK] Seq=4559 Ack=76529 Win=14572 Len=0;;;;"5,033079";;"5,033079";"5,098504";;"0,065425";;"0,03532";"0,030105";"-0,005215"
207;5.098.504;"103,107,186,26";"172,31,18,98";"TLSv1,2";127;Application Data;;;;"5,098504";;"5,098504";"5,128609";;"0,030105";;"0,030074";"3,1E-05";"-0,030043"
208;5.128.609;"103,107,186,26";"172,31,18,98";"TLSv1,2";127;Application Data;;;;"5,128609";;"5,128609";"5,12864";;"3,1E-05";;"-0,031209";"0,03124";"0,062449"
209;5.128.640;"172,31,18,98";"103,107,186,26";TCP;54;3389  >  51056 [ACK] Seq=76529 Ack=4705 Win=63363 Len=0;;;;"5,12864";;"5,12864";"5,15988";;"0,03124";;"-0,008399";"0,039639";"0,048038"
210;5.159.880;"103,107,186,26";"172,31,18,98";"TLSv1,2";127;Application Data;;;;"5,15988";;"5,15988";"5,199519";;"0,039639";;"0,039598";"4,1E-05";"-0,039557"
211;5.199.519;"103,107,186,26";"172,31,18,98";"TLSv1,2";127;Application Data;;;;"5,199519";;"5,199519";"5,19956";;"4,1E-05";;"-0,139843";"0,139884";"0,279727"
212;5.199.560;"172,31,18,98";"103,107,186,26";TCP;54;3389  >  51056 [ACK] Seq=76529 Ack=4851 Win=63217 Len=0;;;;"5,19956";;"5,19956";"5,339444";;"0,139884";;"0,139813";"7,1E-05";"-0,139742"
213;5.339.444;"172,31,18,98";"103,107,186,26";"TLSv1,2";696;Application Data;;;;"5,339444";;"5,339444";"5,339515";;"7,1E-05";;"-0,109178";"0,109249";"0,218427"
214;5.339.515;"172,31,18,98";"103,107,186,26";"TLSv1,2";105;Application Data;;;;"5,339515";;"5,339515";"5,448764";;"0,109249";;"0,109209";4E-05;"-0,109169"
215;5.448.764;"172,31,18,98";"103,107,186,26";"TLSv1,2";107;Application Data;;;;"5,448764";;"5,448764";"5,448804";;4E-05;;"-1,3E-05";"5,3E-05";"6,6E-05"
216;5.448.804;"172,31,18,98";"103,107,186,26";"TLSv1,2";1706;Application Data;;;;"5,448804";;"5,448804";"5,448857";;"5,3E-05";;"-0,130875";"0,130928";"0,261803"
217;5.448.857;"172,31,18,98";"103,107,186,26";"TLSv1,2";832;Application Data;;;;"5,448857";;"5,448857";"5,579785";;"0,130928";;"0,130928";0;"-0,130928"
218;5.579.785;"103,107,186,26";"172,31,18,98";TCP;54;51056  >  3389 [ACK] Seq=4851 Ack=77171 Win=14572 Len=0;;;;"5,579785";;"5,579785";"5,579785";;0;;"-0,109359";"0,109359";"0,218718"
219;5.579.785;"103,107,186,26";"172,31,18,98";TCP;54;51056  >  3389 [ACK] Seq=4851 Ack=77222 Win=14572 Len=0;;;;"5,579785";;"5,579785";"5,689144";;"0,109359";;"0,109359";0;"-0,109359"
220;5.689.144;"103,107,186,26";"172,31,18,98";TCP;54;51056  >  3389 [ACK] Seq=4851 Ack=77275 Win=14572 Len=0;;;;"5,689144";;"5,689144";"5,689144";;0;;0;0;0
221;5.689.144;"103,107,186,26";"172,31,18,98";TCP;54;51056  >  3389 [ACK] Seq=4851 Ack=78735 Win=14595 Len=0;;;;"5,689144";;"5,689144";"5,689144";;0;;"-9,3E-05";"9,3E-05";"0,000186"
222;5.689.144;"103,107,186,26";"172,31,18,98";TCP;54;51056  >  3389 [ACK] Seq=4851 Ack=78927 Win=14595 Len=0;;;;"5,689144";;"5,689144";"5,689237";;"9,3E-05";;"-0,05812";"0,058213";"0,116333"
223;5.689.237;"103,107,186,26";"172,31,18,98";TCP;54;51056  >  3389 [ACK] Seq=4851 Ack=79705 Win=14595 Len=0;;;;"5,689237";;"5,689237";"5,74745";;"0,058213";;"0,03313";"0,025083";"-0,008047"
224;5.747.450;"172,31,18,98";"103,107,186,26";"TLSv1,2";1328;Application Data;;;;"5,74745";;"5,74745";"5,772533";;"0,025083";;"-0,022802";"0,047885";"0,070687"
225;5.772.533;"103,107,186,26";"172,31,18,98";"TLSv1,2";127;Application Data;;;;"5,772533";;"5,772533";"5,820418";;"0,047885";;"-0,011413";"0,059298";"0,070711"
226;5.820.418;"172,31,18,98";"103,107,186,26";TCP;54;3389  >  51056 [ACK] Seq=80979 Ack=4924 Win=63144 Len=0;;;;"5,820418";;"5,820418";"5,879716";;"0,059298";;"0,019496";"0,039802";"0,020306"
227;5.879.716;"103,107,186,26";"172,31,18,98";"TLSv1,2";127;Application Data;;;;"5,879716";;"5,879716";"5,919518";;"0,039802";;"0,039777";"2,5E-05";"-0,039752"
228;5.919.518;"103,107,186,26";"172,31,18,98";"TLSv1,2";107;Application Data;;;;"5,919518";;"5,919518";"5,919543";;"2,5E-05";;"-0,042076";"0,042101";"0,084177"
229;5.919.543;"172,31,18,98";"103,107,186,26";TCP;54;3389  >  51056 [ACK] Seq=80979 Ack=5050 Win=63018 Len=0;;;;"5,919543";;"5,919543";"5,961644";;"0,042101";;"0,015965";"0,026136";"0,010171"
230;5.961.644;"103,107,186,26";"172,31,18,98";"TLSv1,2";200;"Application Data, Application Data";;;;"5,961644";;"5,961644";"5,98778";;"0,026136";;"0,005989";"0,020147";"0,014158"
231;5.987.780;"103,107,186,26";"172,31,18,98";TCP;54;51056  >  3389 [ACK] Seq=5196 Ack=80979 Win=14618 Len=0;;;;"5,98778";;"5,98778";"6,007927";;"0,020147";;"-0,100364";"0,120511";"0,220875"
232;6.007.927;"172,31,18,98";"103,107,186,26";TCP;54;3389  >  51056 [ACK] Seq=80979 Ack=5196 Win=62872 Len=0;;;;"6,007927";;"6,007927";"6,128438";;"0,120511";;"0,069155";"0,051356";"-0,017799"
233;6.128.438;"103,107,186,26";"172,31,18,98";"TLSv1,2";127;Application Data;;;;"6,128438";;"6,128438";"6,179794";;"0,051356";;"0,038346";"0,01301";"-0,025336"
234;6.179.794;"172,31,18,98";"103,107,186,26";TCP;54;3389  >  51056 [ACK] Seq=80979 Ack=5269 Win=62799 Len=0;;;;"6,179794";;"6,179794";"6,192804";;"0,01301";;"-0,03651";"0,04952";"0,08603"
235;6.192.804;"103,107,186,26";"172,31,18,98";"TLSv1,2";127;Application Data;;;;"6,192804";;"6,192804";"6,242324";;"0,04952";;"-0,064265";"0,113785";"0,17805"
236;6.242.324;"172,31,18,98";"103,107,186,26";TCP;54;3389  >  51056 [ACK] Seq=80979 Ack=5342 Win=62726 Len=0;;;;"6,242324";;"6,242324";"6,356109";;"0,113785";;"0,113709";"7,6E-05";"-0,113633"
237;6.356.109;"172,31,18,98";"103,107,186,26";"TLSv1,2";721;Application Data;;;;"6,356109";;"6,356109";"6,356185";;"7,6E-05";;"-0,04695";"0,047026";"0,093976"
238;6.356.185;"172,31,18,98";"103,107,186,26";"TLSv1,2";105;Application Data;;;;"6,356185";;"6,356185";"6,403211";;"0,047026";;"0,046989";"3,7E-05";"-0,046952"
239;6.403.211;"172,31,18,98";"103,107,186,26";"TLSv1,2";1706;Application Data;;;;"6,403211";;"6,403211";"6,403248";;"3,7E-05";;"-0,193117";"0,193154";"0,386271"
240;6.403.248;"172,31,18,98";"103,107,186,26";"TLSv1,2";135;Application Data;;;;"6,403248";;"6,403248";"6,596402";;"0,193154";;"0,193154";0;"-0,193154"
241;6.596.402;"103,107,186,26";"172,31,18,98";TCP;54;51056  >  3389 [ACK] Seq=5342 Ack=81646 Win=14618 Len=0;;;;"6,596402";;"6,596402";"6,596402";;0;;"-0,04715";"0,04715";"0,0943"
242;6.596.402;"103,107,186,26";"172,31,18,98";TCP;54;51056  >  3389 [ACK] Seq=5342 Ack=81697 Win=14618 Len=0;;;;"6,596402";;"6,596402";"6,643552";;"0,04715";;"0,04715";0;"-0,04715"
243;6.643.552;"103,107,186,26";"172,31,18,98";TCP;54;51056  >  3389 [ACK] Seq=5342 Ack=83157 Win=14640 Len=0;;;;"6,643552";;"6,643552";"6,643552";;0;;"-4,5E-05";"4,5E-05";9E-05
244;6.643.552;"103,107,186,26";"172,31,18,98";TCP;54;51056  >  3389 [ACK] Seq=5342 Ack=83349 Win=14640 Len=0;;;;"6,643552";;"6,643552";"6,643597";;"4,5E-05";;"-0,077808";"0,077853";"0,155661"
245;6.643.597;"103,107,186,26";"172,31,18,98";TCP;54;51056  >  3389 [ACK] Seq=5342 Ack=83430 Win=14640 Len=0;;;;"6,643597";;"6,643597";"6,72145";;"0,077853";;"0,024424";"0,053429";"0,029005"
246;6.721.450;"103,107,186,26";"172,31,18,98";"TLSv1,2";127;Application Data;;;;"6,72145";;"6,72145";"6,774879";;"0,053429";;"0,043765";"0,009664";"-0,034101"
247;6.774.879;"172,31,18,98";"103,107,186,26";TCP;54;3389  >  51056 [ACK] Seq=83430 Ack=5415 Win=62653 Len=0;;;;"6,774879";;"6,774879";"6,784543";;"0,009664";;"-0,016545";"0,026209";"0,042754"
248;6.784.543;"103,107,186,26";"172,31,18,98";"TLSv1,2";127;Application Data;;;;"6,784543";;"6,784543";"6,810752";;"0,026209";;"0,026187";"2,2E-05";"-0,026165"
249;6.810.752;"103,107,186,26";"172,31,18,98";"TLSv1,2";127;Application Data;;;;"6,810752";;"6,810752";"6,810774";;"2,2E-05";;"-0,076977";"0,076999";"0,153976"
250;6.810.774;"172,31,18,98";"103,107,186,26";TCP;54;3389  >  51056 [ACK] Seq=83430 Ack=5561 Win=64000 Len=0;;;;"6,810774";;"6,810774";"6,887773";;"0,076999";;"0,033639";"0,04336";"0,009721"
251;6.887.773;"103,107,186,26";"172,31,18,98";"TLSv1,2";127;Application Data;;;;"6,887773";;"6,887773";"6,931133";;"0,04336";;"-0,008486";"0,051846";"0,060332"
252;6.931.133;"172,31,18,98";"103,107,186,26";TCP;54;3389  >  51056 [ACK] Seq=83430 Ack=5634 Win=63927 Len=0;;;;"6,931133";;"6,931133";"6,982979";;"0,051846";;"0,051794";"5,2E-05";"-0,051742"
253;6.982.979;"172,31,18,98";"103,107,186,26";"TLSv1,2";107;Application Data;;;;"6,982979";;"6,982979";"6,983031";;"5,2E-05";;"3,5E-05";"1,7E-05";"-1,8E-05"
254;6.983.031;"172,31,18,98";"103,107,186,26";"TLSv1,2";1706;Application Data;;;;"6,983031";;"6,983031";"6,983048";;"1,7E-05";;"-0,24032";"0,240337";"0,480657"
255;6.983.048;"172,31,18,98";"103,107,186,26";"TLSv1,2";289;Application Data;;;;"6,983048";;"6,983048";"7,223385";;"0,240337";;"0,240337";0;"-0,240337"
256;7.223.385;"103,107,186,26";"172,31,18,98";TCP;54;51056  >  3389 [ACK] Seq=5634 Ack=83483 Win=14640 Len=0;;;;"7,223385";;"7,223385";"7,223385";;0;;"-5,3E-05";"5,3E-05";"0,000106"
257;7.223.385;"103,107,186,26";"172,31,18,98";TCP;54;51056  >  3389 [ACK] Seq=5634 Ack=84943 Win=14663 Len=0;;;;"7,223385";;"7,223385";"7,223438";;"5,3E-05";;"5,3E-05";0;"-5,3E-05"
258;7.223.438;"103,107,186,26";"172,31,18,98";TCP;54;51056  >  3389 [ACK] Seq=5634 Ack=85135 Win=14663 Len=0;;;;"7,223438";;"7,223438";"7,223438";;0;;"-0,104139";"0,104139";"0,208278"
259;7.223.438;"103,107,186,26";"172,31,18,98";TCP;54;51056  >  3389 [ACK] Seq=5634 Ack=85370 Win=14663 Len=0;;;;"7,223438";;"7,223438";"7,327577";;"0,104139";;"0,067103";"0,037036";"-0,030067"
260;7.327.577;"103,107,186,26";"172,31,18,98";"TLSv1,2";107;Application Data;;;;"7,327577";;"7,327577";"7,364613";;"0,037036";;"0,036967";"6,9E-05";"-0,036898"
261;7.364.613;"103,107,186,26";"172,31,18,98";"TLSv1,2";200;"Application Data, Application Data";;;;"7,364613";;"7,364613";"7,364682";;"6,9E-05";;"-0,194569";"0,194638";"0,389207"
262;7.364.682;"172,31,18,98";"103,107,186,26";TCP;54;3389  >  51056 [ACK] Seq=85370 Ack=5833 Win=63728 Len=0;;;;"7,364682";;"7,364682";"7,55932";;"0,194638";;"0,19457";"6,8E-05";"-0,194502"
263;7.559.320;"172,31,18,98";"103,107,186,26";"TLSv1,2";760;Application Data;;;;"7,55932";;"7,55932";"7,559388";;"6,8E-05";;"-0,078042";"0,07811";"0,156152"
264;7.559.388;"172,31,18,98";"103,107,186,26";"TLSv1,2";105;Application Data;;;;"7,559388";;"7,559388";"7,637498";;"0,07811";;"-0,084121";"0,162231";"0,246352"
265;7.637.498;"172,31,18,98";"103,107,186,26";"TLSv1,2";1571;Application Data;;;;"7,637498";;"7,637498";"7,799729";;"0,162231";;"0,162231";0;"-0,162231"
266;7.799.729;"103,107,186,26";"172,31,18,98";TCP;54;51056  >  3389 [ACK] Seq=5833 Ack=86076 Win=14663 Len=0;;;;"7,799729";;"7,799729";"7,799729";;0;;"-0,078237";"0,078237";"0,156474"
267;7.799.729;"103,107,186,26";"172,31,18,98";TCP;54;51056  >  3389 [ACK] Seq=5833 Ack=86127 Win=14663 Len=0;;;;"7,799729";;"7,799729";"7,877966";;"0,078237";;"0,078237";0;"-0,078237"
268;7.877.966;"103,107,186,26";"172,31,18,98";TCP;54;51056  >  3389 [ACK] Seq=5833 Ack=87587 Win=14686 Len=0;;;;"7,877966";;"7,877966";"7,877966";;0;;"-0,06216";"0,06216";"0,12432"
269;7.877.966;"103,107,186,26";"172,31,18,98";TCP;54;51056  >  3389 [ACK] Seq=5833 Ack=87644 Win=14686 Len=0;;;;"7,877966";;"7,877966";"7,940126";;"0,06216";;"0,036748";"0,025412";"-0,011336"
270;7.940.126;"103,107,186,26";"172,31,18,98";"TLSv1,2";127;Application Data;;;;"7,940126";;"7,940126";"7,965538";;"0,025412";;"-0,008569";"0,033981";"0,04255"
271;7.965.538;"172,31,18,98";"103,107,186,26";"TLSv1,2";645;Application Data;;;;"7,965538";;"7,965538";"7,999519";;"0,033981";;"-0,007005";"0,040986";"0,047991"
272;7.999.519;"103,107,186,26";"172,31,18,98";"TLSv1,2";127;Application Data;;;;"7,999519";;"7,999519";"8,040505";;"0,040986";;"0,040037";"0,000949";"-0,039088"
273;8.040.505;"172,31,18,98";"103,107,186,26";TCP;54;3389  >  51056 [ACK] Seq=88235 Ack=5979 Win=63582 Len=0;;;;"8,040505";;"8,040505";"8,041454";;"0,000949";;"-0,032425";"0,033374";"0,065799"
274;8.041.454;"103,107,186,26";"172,31,18,98";"TLSv1,2";127;Application Data;;;;"8,041454";;"8,041454";"8,074828";;"0,033374";;"0,033334";4E-05;"-0,033294"
275;8.074.828;"172,31,18,98";"103,107,186,26";"TLSv1,2";1706;Application Data;;;;"8,074828";;"8,074828";"8,074868";;4E-05;;-1E-06;"4,1E-05";"4,2E-05"
276;8.074.868;"172,31,18,98";"103,107,186,26";"TLSv1,2";107;Application Data;;;;"8,074868";;"8,074868";"8,074909";;"4,1E-05";;6E-06;"3,5E-05";"2,9E-05"
277;8.074.909;"172,31,18,98";"103,107,186,26";"TLSv1,2";1706;Application Data;;;;"8,074909";;"8,074909";"8,074944";;"3,5E-05";;"-0,004436";"0,004471";"0,008907"
278;8.074.944;"172,31,18,98";"103,107,186,26";"TLSv1,2";677;Application Data;;;;"8,074944";;"8,074944";"8,079415";;"0,004471";;"-0,050339";"0,05481";"0,105149"
279;8.079.415;"103,107,186,26";"172,31,18,98";"TLSv1,2";127;Application Data;;;;"8,079415";;"8,079415";"8,134225";;"0,05481";;"-0,016845";"0,071655";"0,0885"
280;8.134.225;"172,31,18,98";"103,107,186,26";TCP;54;3389  >  51056 [ACK] Seq=92215 Ack=6125 Win=63436 Len=0;;;;"8,134225";;"8,134225";"8,20588";;"0,071655";;"-0,037706";"0,109361";"0,147067"
281;8.205.880;"103,107,186,26";"172,31,18,98";TCP;54;51056  >  3389 [ACK] Seq=6125 Ack=88235 Win=14686 Len=0;;;;"8,20588";;"8,20588";"8,315241";;"0,109361";;"0,109361";0;"-0,109361"
282;8.315.241;"103,107,186,26";"172,31,18,98";TCP;54;51056  >  3389 [ACK] Seq=6125 Ack=89695 Win=14709 Len=0;;;;"8,315241";;"8,315241";"8,315241";;0;;"-4,8E-05";"4,8E-05";"9,6E-05"
283;8.315.241;"103,107,186,26";"172,31,18,98";TCP;54;51056  >  3389 [ACK] Seq=6125 Ack=89887 Win=14709 Len=0;;;;"8,315241";;"8,315241";"8,315289";;"4,8E-05";;"4,8E-05";0;"-4,8E-05"
284;8.315.289;"103,107,186,26";"172,31,18,98";TCP;54;51056  >  3389 [ACK] Seq=6125 Ack=89940 Win=14709 Len=0;;;;"8,315289";;"8,315289";"8,315289";;0;;"-2,4E-05";"2,4E-05";"4,8E-05"
285;8.315.289;"103,107,186,26";"172,31,18,98";TCP;54;51056  >  3389 [ACK] Seq=6125 Ack=91400 Win=14732 Len=0;;;;"8,315289";;"8,315289";"8,315313";;"2,4E-05";;-1E-06;"2,5E-05";"2,6E-05"
286;8.315.313;"103,107,186,26";"172,31,18,98";TCP;54;51056  >  3389 [ACK] Seq=6125 Ack=91592 Win=14732 Len=0;;;;"8,315313";;"8,315313";"8,315338";;"2,5E-05";;"-0,004047";"0,004072";"0,008119"
287;8.315.338;"103,107,186,26";"172,31,18,98";TCP;54;51056  >  3389 [ACK] Seq=6125 Ack=92215 Win=14732 Len=0;;;;"8,315338";;"8,315338";"8,31941";;"0,004072";;"-0,01866";"0,022732";"0,041392"
288;8.319.410;"103,107,186,26";"172,31,18,98";"TLSv1,2";127;Application Data;;;;"8,31941";;"8,31941";"8,342142";;"0,022732";;"0,022709";"2,3E-05";"-0,022686"
289;8.342.142;"103,107,186,26";"172,31,18,98";"TLSv1,2";127;Application Data;;;;"8,342142";;"8,342142";"8,342165";;"2,3E-05";;"-0,078318";"0,078341";"0,156659"
290;8.342.165;"172,31,18,98";"103,107,186,26";TCP;54;3389  >  51056 [ACK] Seq=92215 Ack=6271 Win=63290 Len=0;;;;"8,342165";;"8,342165";"8,420506";;"0,078341";;"0,047368";"0,030973";"-0,016395"
291;8.420.506;"103,107,186,26";"172,31,18,98";"TLSv1,2";107;Application Data;;;;"8,420506";;"8,420506";"8,451479";;"0,030973";;"0,030946";"2,7E-05";"-0,030919"
292;8.451.479;"103,107,186,26";"172,31,18,98";"TLSv1,2";200;"Application Data, Application Data";;;;"8,451479";;"8,451479";"8,451506";;"2,7E-05";;"-0,139886";"0,139913";"0,279799"
293;8.451.506;"172,31,18,98";"103,107,186,26";TCP;54;3389  >  51056 [ACK] Seq=92215 Ack=6470 Win=63091 Len=0;;;;"8,451506";;"8,451506";"8,591419";;"0,139913";;"0,139845";"6,8E-05";"-0,139777"
294;8.591.419;"172,31,18,98";"103,107,186,26";"TLSv1,2";1555;Application Data;;;;"8,591419";;"8,591419";"8,591487";;"6,8E-05";;"-0,24037";"0,240438";"0,480808"
295;8.591.487;"172,31,18,98";"103,107,186,26";"TLSv1,2";105;Application Data;;;;"8,591487";;"8,591487";"8,831925";;"0,240438";;"0,202208";"0,03823";"-0,163978"
296;8.831.925;"103,107,186,26";"172,31,18,98";TCP;54;51056  >  3389 [ACK] Seq=6470 Ack=93716 Win=14755 Len=0;;;;"8,831925";;"8,831925";"8,870155";;"0,03823";;"-0,089048";"0,127278";"0,216326"
297;8.870.155;"103,107,186,26";"172,31,18,98";TCP;54;51056  >  3389 [ACK] Seq=6470 Ack=93767 Win=14755 Len=0;;;;"8,870155";;"8,870155";"8,997433";;"0,127278";;"0,084192";"0,043086";"-0,041106"
298;8.997.433;"103,107,186,26";"172,31,18,98";"TLSv1,2";127;Application Data;;;;"8,997433";;"8,997433";"9,040519";;"0,043086";;"0,042182";"0,000904";"-0,041278"
299;9.040.519;"172,31,18,98";"103,107,186,26";TCP;54;3389  >  51056 [ACK] Seq=93767 Ack=6543 Win=63018 Len=0;;;;"9,040519";;"9,040519";"9,041423";;"0,000904";;"-0,045065";"0,045969";"0,091034"
300;9.041.423;"103,107,186,26";"172,31,18,98";"TLSv1,2";127;Application Data;;;;"9,041423";;"9,041423";"9,087392";;"0,045969";;"-0,066519";"0,112488";"0,179007"
301;9.087.392;"172,31,18,98";"103,107,186,26";TCP;54;3389  >  51056 [ACK] Seq=93767 Ack=6616 Win=62945 Len=0;;;;"9,087392";;"9,087392";"9,19988";;"0,112488";;"0,065754";"0,046734";"-0,01902"
302;9.199.880;"172,31,18,98";"103,107,186,26";"TLSv1,2";387;Application Data;;;;"9,19988";;"9,19988";"9,246614";;"0,046734";;"-0,146879";"0,193613";"0,340492"
303;9.246.614;"172,31,18,98";"103,107,186,26";"TLSv1,2";1367;Application Data;;;;"9,246614";;"9,246614";"9,440227";;"0,193613";;"0,146864";"0,046749";"-0,100115"
304;9.440.227;"103,107,186,26";"172,31,18,98";TCP;54;51056  >  3389 [ACK] Seq=6616 Ack=94100 Win=14755 Len=0;;;;"9,440227";;"9,440227";"9,486976";;"0,046749";;"-0,074525";"0,121274";"0,195799"
305;9.486.976;"103,107,186,26";"172,31,18,98";TCP;54;51056  >  3389 [ACK] Seq=6616 Ack=95413 Win=14777 Len=0;;;;"9,486976";;"9,486976";"9,60825";;"0,121274";;"0,081104";"0,04017";"-0,040934"
306;9.608.250;"103,107,186,26";"172,31,18,98";"TLSv1,2";127;Application Data;;;;"9,60825";;"9,60825";"9,64842";;"0,04017";;"0,040116";"5,4E-05";"-0,040062"
307;9.648.420;"103,107,186,26";"172,31,18,98";"TLSv1,2";127;Application Data;;;;"9,64842";;"9,64842";"9,648474";;"5,4E-05";;"-0,039996";"0,04005";"0,080046"
308;9.648.474;"172,31,18,98";"103,107,186,26";TCP;54;3389  >  51056 [ACK] Seq=95413 Ack=6762 Win=62799 Len=0;;;;"9,648474";;"9,648474";"9,688524";;"0,04005";;"0,009048";"0,031002";"0,021954"
309;9.688.524;"103,107,186,26";"172,31,18,98";"TLSv1,2";127;Application Data;;;;"9,688524";;"9,688524";"9,719526";;"0,031002";;"0,030956";"4,6E-05";"-0,03091"
310;9.719.526;"103,107,186,26";"172,31,18,98";"TLSv1,2";127;Application Data;;;;"9,719526";;"9,719526";"9,719572";;"4,6E-05";;"-0,106611";"0,106657";"0,213268"
311;9.719.572;"172,31,18,98";"103,107,186,26";TCP;54;3389  >  51056 [ACK] Seq=95413 Ack=6908 Win=62653 Len=0;;;;"9,719572";;"9,719572";"9,826229";;"0,106657";;"0,106614";"4,3E-05";"-0,106571"
312;9.826.229;"172,31,18,98";"103,107,186,26";"TLSv1,2";1706;Application Data;;;;"9,826229";;"9,826229";"9,826272";;"4,3E-05";;-4E-06;"4,7E-05";"5,1E-05"
313;9.826.272;"172,31,18,98";"103,107,186,26";"TLSv1,2";115;Application Data;;;;"9,826272";;"9,826272";"9,826319";;"4,7E-05";;3E-05;"1,7E-05";"-1,3E-05"
314;9.826.319;"172,31,18,98";"103,107,186,26";"TLSv1,2";107;Application Data;;;;"9,826319";;"9,826319";"9,826336";;"1,7E-05";;"-1,2E-05";"2,9E-05";"4,1E-05"
315;9.826.336;"172,31,18,98";"103,107,186,26";"TLSv1,2";595;Application Data;;;;"9,826336";;"9,826336";"9,826365";;"2,9E-05";;"-0,240279";"0,240308";"0,480587"
316;9.826.365;"172,31,18,98";"103,107,186,26";"TLSv1,2";105;Application Data;;;;"9,826365";;"9,826365";"10,066673";;"0,240308";;"0,240308";0;"-0,240308"
317;10.066.673;"103,107,186,26";"172,31,18,98";TCP;54;51056  >  3389 [ACK] Seq=6908 Ack=96873 Win=14800 Len=0;;;;"10,066673";;"10,066673";"10,066673";;0;;0;0;0
318;10.066.673;"103,107,186,26";"172,31,18,98";TCP;54;51056  >  3389 [ACK] Seq=6908 Ack=97065 Win=14800 Len=0;;;;"10,066673";;"10,066673";"10,066673";;0;;"-6,1E-05";"6,1E-05";"0,000122"
319;10.066.673;"103,107,186,26";"172,31,18,98";TCP;54;51056  >  3389 [ACK] Seq=6908 Ack=97126 Win=14800 Len=0;;;;"10,066673";;"10,066673";"10,066734";;"6,1E-05";;"6,1E-05";0;"-6,1E-05"
320;10.066.734;"103,107,186,26";"172,31,18,98";TCP;54;51056  >  3389 [ACK] Seq=6908 Ack=97179 Win=14800 Len=0;;;;"10,066734";;"10,066734";"10,066734";;0;;0;0;0
321;10.066.734;"103,107,186,26";"172,31,18,98";TCP;54;51056  >  3389 [ACK] Seq=6908 Ack=97720 Win=14800 Len=0;;;;"10,066734";;"10,066734";"10,066734";;0;;"-0,253807";"0,253807";"0,507614"
322;10.066.734;"103,107,186,26";"172,31,18,98";TCP;54;51056  >  3389 [ACK] Seq=6908 Ack=97771 Win=14800 Len=0;;;;"10,066734";;"10,066734";"10,320541";;"0,253807";;"0,253807";"-10,320541";"-10,574348"
323;10.320.541;"103,107,186,26";"172,31,18,98";"TLSv1,2";107;Application Data;;;;"10,320541";;"10,320541";;;;;0;0;
;;;;;;;;;;;;;;;;;;;
;;;;;;;;;;;;;;Total delay;"10,320541";;;total jitter;0
;;;;;;;;;;;;;;Rata - rata delay;"0,031952139";;;rata rata jitter;0
